<?xml version="1.0" encoding="UTF-8"?>
<config xmlns="http://www.knime.org/2008/09/XMLConfig" xmlns:xsi="http://www.w3.org/2001/XMLSchema-instance" xsi:schemaLocation="http://www.knime.org/2008/09/XMLConfig http://www.knime.org/XMLConfig_2008_09.xsd" key="model.xml">
    <entry key="version" type="xint" value="1"/>
    <entry key="class_name" type="xstring" value="org.knime.base.data.normalize.NormalizerPortObject"/>
    <config key="model">
        <config key="columns">
            <config key="B12">
                <entry key="column_name" type="xstring" value="B12"/>
                <entry key="column_scale" type="xdouble" value="18.07714155050706"/>
                <entry key="column_translate" type="xdouble" value="-1.674435402098088"/>
                <entry key="column_min" type="xdouble" value="NaN"/>
                <entry key="column_max" type="xdouble" value="NaN"/>
            </config>
            <config key="B07">
                <entry key="column_name" type="xstring" value="B07"/>
                <entry key="column_scale" type="xdouble" value="10.029043230978509"/>
                <entry key="column_translate" type="xdouble" value="-3.1787708258752256"/>
                <entry key="column_min" type="xdouble" value="NaN"/>
                <entry key="column_max" type="xdouble" value="NaN"/>
            </config>
            <config key="B06">
                <entry key="column_name" type="xstring" value="B06"/>
                <entry key="column_scale" type="xdouble" value="12.424271025799078"/>
                <entry key="column_translate" type="xdouble" value="-3.200803088641309"/>
                <entry key="column_min" type="xdouble" value="NaN"/>
                <entry key="column_max" type="xdouble" value="NaN"/>
            </config>
            <config key="B04">
                <entry key="column_name" type="xstring" value="B04"/>
                <entry key="column_scale" type="xdouble" value="15.730463780730405"/>
                <entry key="column_translate" type="xdouble" value="-0.7030100857746528"/>
                <entry key="column_min" type="xdouble" value="NaN"/>
                <entry key="column_max" type="xdouble" value="NaN"/>
            </config>
            <config key="B03">
                <entry key="column_name" type="xstring" value="B03"/>
                <entry key="column_scale" type="xdouble" value="16.422623381004335"/>
                <entry key="column_translate" type="xdouble" value="-0.9602413616765398"/>
                <entry key="column_min" type="xdouble" value="NaN"/>
                <entry key="column_max" type="xdouble" value="NaN"/>
            </config>
            <config key="B11">
                <entry key="column_name" type="xstring" value="B11"/>
                <entry key="column_scale" type="xdouble" value="14.768498291204084"/>
                <entry key="column_translate" type="xdouble" value="-2.645055422843932"/>
                <entry key="column_min" type="xdouble" value="NaN"/>
                <entry key="column_max" type="xdouble" value="NaN"/>
            </config>
            <config key="B8A">
                <entry key="column_name" type="xstring" value="B8A"/>
                <entry key="column_scale" type="xdouble" value="9.785499270108703"/>
                <entry key="column_translate" type="xdouble" value="-3.3391484582573194"/>
                <entry key="column_min" type="xdouble" value="NaN"/>
                <entry key="column_max" type="xdouble" value="NaN"/>
            </config>
            <config key="B02">
                <entry key="column_name" type="xstring" value="B02"/>
                <entry key="column_scale" type="xdouble" value="15.970331250095386"/>
                <entry key="column_translate" type="xdouble" value="-0.5825460365004332"/>
                <entry key="column_min" type="xdouble" value="NaN"/>
                <entry key="column_max" type="xdouble" value="NaN"/>
            </config>
            <config key="B05">
                <entry key="column_name" type="xstring" value="B05"/>
                <entry key="column_scale" type="xdouble" value="15.89372554961645"/>
                <entry key="column_translate" type="xdouble" value="-1.4743625705296801"/>
                <entry key="column_min" type="xdouble" value="NaN"/>
                <entry key="column_max" type="xdouble" value="NaN"/>
            </config>
            <config key="B08">
                <entry key="column_name" type="xstring" value="B08"/>
                <entry key="column_scale" type="xdouble" value="9.677361186145793"/>
                <entry key="column_translate" type="xdouble" value="-3.1421315809703496"/>
                <entry key="column_min" type="xdouble" value="NaN"/>
                <entry key="column_max" type="xdouble" value="NaN"/>
            </config>
            <config key="NDVI">
                <entry key="column_name" type="xstring" value="NDVI"/>
                <entry key="column_scale" type="xdouble" value="5.54649940446506"/>
                <entry key="column_translate" type="xdouble" value="-4.22944767163561"/>
                <entry key="column_min" type="xdouble" value="NaN"/>
                <entry key="column_max" type="xdouble" value="NaN"/>
            </config>
            <config key="SAVI">
                <entry key="column_name" type="xstring" value="SAVI"/>
                <entry key="column_scale" type="xdouble" value="6.826803134081959"/>
                <entry key="column_translate" type="xdouble" value="-3.2476659026550654"/>
                <entry key="column_min" type="xdouble" value="NaN"/>
                <entry key="column_max" type="xdouble" value="NaN"/>
            </config>
            <config key="EVI">
                <entry key="column_name" type="xstring" value="EVI"/>
                <entry key="column_scale" type="xdouble" value="5.998066566747983"/>
                <entry key="column_translate" type="xdouble" value="-2.924946440957417"/>
                <entry key="column_min" type="xdouble" value="NaN"/>
                <entry key="column_max" type="xdouble" value="NaN"/>
            </config>
            <config key="GNDVI">
                <entry key="column_name" type="xstring" value="GNDVI"/>
                <entry key="column_scale" type="xdouble" value="6.397516578553668"/>
                <entry key="column_translate" type="xdouble" value="-4.443791860140681"/>
                <entry key="column_min" type="xdouble" value="NaN"/>
                <entry key="column_max" type="xdouble" value="NaN"/>
            </config>
            <config key="WDVI">
                <entry key="column_name" type="xstring" value="WDVI"/>
                <entry key="column_scale" type="xdouble" value="9.933864086297511"/>
                <entry key="column_translate" type="xdouble" value="-3.003438083257605"/>
                <entry key="column_min" type="xdouble" value="NaN"/>
                <entry key="column_max" type="xdouble" value="NaN"/>
            </config>
            <config key="NDWI">
                <entry key="column_name" type="xstring" value="NDWI"/>
                <entry key="column_scale" type="xdouble" value="5.461515455932057"/>
                <entry key="column_translate" type="xdouble" value="-3.0329347216979228"/>
                <entry key="column_min" type="xdouble" value="NaN"/>
                <entry key="column_max" type="xdouble" value="NaN"/>
            </config>
            <config key="NDI45">
                <entry key="column_name" type="xstring" value="NDI45"/>
                <entry key="column_scale" type="xdouble" value="7.292707583460692"/>
                <entry key="column_translate" type="xdouble" value="-3.0138119619374164"/>
                <entry key="column_min" type="xdouble" value="NaN"/>
                <entry key="column_max" type="xdouble" value="NaN"/>
            </config>
            <config key="RENDVI">
                <entry key="column_name" type="xstring" value="RENDVI"/>
                <entry key="column_scale" type="xdouble" value="6.321164638888644"/>
                <entry key="column_translate" type="xdouble" value="-3.4855905227112642"/>
                <entry key="column_min" type="xdouble" value="NaN"/>
                <entry key="column_max" type="xdouble" value="NaN"/>
            </config>
            <config key="REEVI">
                <entry key="column_name" type="xstring" value="REEVI"/>
                <entry key="column_scale" type="xdouble" value="7.074366422875849"/>
                <entry key="column_translate" type="xdouble" value="-2.6331439133618972"/>
                <entry key="column_min" type="xdouble" value="NaN"/>
                <entry key="column_max" type="xdouble" value="NaN"/>
            </config>
        </config>
        <entry key="summary" type="xstring" value="Z-Score (Gaussian) normalization on 19 column(s)"/>
    </config>
</config>
