<?xml version="1.0" encoding="UTF-8"?>
<config xmlns="http://www.knime.org/2008/09/XMLConfig" xmlns:xsi="http://www.w3.org/2001/XMLSchema-instance" xsi:schemaLocation="http://www.knime.org/2008/09/XMLConfig http://www.knime.org/XMLConfig_2008_09.xsd" key="MiningSchema">
    <config key="learning">
        <entry key="array-size" type="xint" value="19"/>
        <entry key="0" type="xstring" value="B12"/>
        <entry key="1" type="xstring" value="B07"/>
        <entry key="2" type="xstring" value="B06"/>
        <entry key="3" type="xstring" value="B04"/>
        <entry key="4" type="xstring" value="B03"/>
        <entry key="5" type="xstring" value="B11"/>
        <entry key="6" type="xstring" value="B8A"/>
        <entry key="7" type="xstring" value="B02"/>
        <entry key="8" type="xstring" value="B05"/>
        <entry key="9" type="xstring" value="B08"/>
        <entry key="10" type="xstring" value="NDVI"/>
        <entry key="11" type="xstring" value="SAVI"/>
        <entry key="12" type="xstring" value="EVI"/>
        <entry key="13" type="xstring" value="GNDVI"/>
        <entry key="14" type="xstring" value="WDVI"/>
        <entry key="15" type="xstring" value="NDWI"/>
        <entry key="16" type="xstring" value="NDI45"/>
        <entry key="17" type="xstring" value="RENDVI"/>
        <entry key="18" type="xstring" value="REEVI"/>
    </config>
    <config key="target">
        <entry key="array-size" type="xint" value="1"/>
        <entry key="0" type="xstring" value="Class"/>
    </config>
</config>
