<?xml version="1.0" encoding="UTF-8"?>
<config xmlns="http://www.knime.org/2008/09/XMLConfig" xmlns:xsi="http://www.w3.org/2001/XMLSchema-instance" xsi:schemaLocation="http://www.knime.org/2008/09/XMLConfig http://www.knime.org/XMLConfig_2008_09.xsd" key="MiningSchema">
    <config key="learning">
        <entry key="array-size" type="xint" value="24"/>
        <entry key="0" type="xstring" value="val_0_min"/>
        <entry key="1" type="xstring" value="val_1_min"/>
        <entry key="2" type="xstring" value="val_2_min"/>
        <entry key="3" type="xstring" value="val_3_min"/>
        <entry key="4" type="xstring" value="val_4_min"/>
        <entry key="5" type="xstring" value="val_5_min"/>
        <entry key="6" type="xstring" value="val_0_max"/>
        <entry key="7" type="xstring" value="val_1_max"/>
        <entry key="8" type="xstring" value="val_2_max"/>
        <entry key="9" type="xstring" value="val_3_max"/>
        <entry key="10" type="xstring" value="val_4_max"/>
        <entry key="11" type="xstring" value="val_5_max"/>
        <entry key="12" type="xstring" value="val_0_mean"/>
        <entry key="13" type="xstring" value="val_1_mean"/>
        <entry key="14" type="xstring" value="val_2_mean"/>
        <entry key="15" type="xstring" value="val_3_mean"/>
        <entry key="16" type="xstring" value="val_4_mean"/>
        <entry key="17" type="xstring" value="val_5_mean"/>
        <entry key="18" type="xstring" value="val_0_med"/>
        <entry key="19" type="xstring" value="val_1_med"/>
        <entry key="20" type="xstring" value="val_2_med"/>
        <entry key="21" type="xstring" value="val_3_med"/>
        <entry key="22" type="xstring" value="val_4_med"/>
        <entry key="23" type="xstring" value="val_5_med"/>
    </config>
    <config key="target">
        <entry key="array-size" type="xint" value="1"/>
        <entry key="0" type="xstring" value="class"/>
    </config>
</config>
