<?xml version="1.0" encoding="UTF-8"?>
<config xmlns="http://www.knime.org/2008/09/XMLConfig" xmlns:xsi="http://www.w3.org/2001/XMLSchema-instance" xsi:schemaLocation="http://www.knime.org/2008/09/XMLConfig http://www.knime.org/XMLConfig_2008_09.xsd" key="model.xml">
    <entry key="version" type="xint" value="1"/>
    <entry key="class_name" type="xstring" value="org.knime.base.data.normalize.NormalizerPortObject"/>
    <config key="model">
        <config key="columns">
            <config key="B12">
                <entry key="column_name" type="xstring" value="B12"/>
                <entry key="column_scale" type="xdouble" value="18.072833022329526"/>
                <entry key="column_translate" type="xdouble" value="-1.673645885312505"/>
                <entry key="column_min" type="xdouble" value="NaN"/>
                <entry key="column_max" type="xdouble" value="NaN"/>
            </config>
            <config key="B07">
                <entry key="column_name" type="xstring" value="B07"/>
                <entry key="column_scale" type="xdouble" value="10.025099845829322"/>
                <entry key="column_translate" type="xdouble" value="-3.176761889251101"/>
                <entry key="column_min" type="xdouble" value="NaN"/>
                <entry key="column_max" type="xdouble" value="NaN"/>
            </config>
            <config key="B06">
                <entry key="column_name" type="xstring" value="B06"/>
                <entry key="column_scale" type="xdouble" value="12.407047953011764"/>
                <entry key="column_translate" type="xdouble" value="-3.1963969874824847"/>
                <entry key="column_min" type="xdouble" value="NaN"/>
                <entry key="column_max" type="xdouble" value="NaN"/>
            </config>
            <config key="B04">
                <entry key="column_name" type="xstring" value="B04"/>
                <entry key="column_scale" type="xdouble" value="15.659201024459746"/>
                <entry key="column_translate" type="xdouble" value="-0.7010147591266178"/>
                <entry key="column_min" type="xdouble" value="NaN"/>
                <entry key="column_max" type="xdouble" value="NaN"/>
            </config>
            <config key="B03">
                <entry key="column_name" type="xstring" value="B03"/>
                <entry key="column_scale" type="xdouble" value="16.324973326464775"/>
                <entry key="column_translate" type="xdouble" value="-0.9557537037639832"/>
                <entry key="column_min" type="xdouble" value="NaN"/>
                <entry key="column_max" type="xdouble" value="NaN"/>
            </config>
            <config key="B11">
                <entry key="column_name" type="xstring" value="B11"/>
                <entry key="column_scale" type="xdouble" value="14.775656671791092"/>
                <entry key="column_translate" type="xdouble" value="-2.645314337508413"/>
                <entry key="column_min" type="xdouble" value="NaN"/>
                <entry key="column_max" type="xdouble" value="NaN"/>
            </config>
            <config key="B8A">
                <entry key="column_name" type="xstring" value="B8A"/>
                <entry key="column_scale" type="xdouble" value="9.787336745599125"/>
                <entry key="column_translate" type="xdouble" value="-3.339018185720174"/>
                <entry key="column_min" type="xdouble" value="NaN"/>
                <entry key="column_max" type="xdouble" value="NaN"/>
            </config>
            <config key="B02">
                <entry key="column_name" type="xstring" value="B02"/>
                <entry key="column_scale" type="xdouble" value="15.894556446681676"/>
                <entry key="column_translate" type="xdouble" value="-0.5809577257223746"/>
                <entry key="column_min" type="xdouble" value="NaN"/>
                <entry key="column_max" type="xdouble" value="NaN"/>
            </config>
            <config key="B05">
                <entry key="column_name" type="xstring" value="B05"/>
                <entry key="column_scale" type="xdouble" value="15.795951792887807"/>
                <entry key="column_translate" type="xdouble" value="-1.4668082022780509"/>
                <entry key="column_min" type="xdouble" value="NaN"/>
                <entry key="column_max" type="xdouble" value="NaN"/>
            </config>
            <config key="B08">
                <entry key="column_name" type="xstring" value="B08"/>
                <entry key="column_scale" type="xdouble" value="9.674888461226189"/>
                <entry key="column_translate" type="xdouble" value="-3.1399275513635683"/>
                <entry key="column_min" type="xdouble" value="NaN"/>
                <entry key="column_max" type="xdouble" value="NaN"/>
            </config>
            <config key="NDVI">
                <entry key="column_name" type="xstring" value="NDVI"/>
                <entry key="column_scale" type="xdouble" value="5.534893021370241"/>
                <entry key="column_translate" type="xdouble" value="-4.219473476040946"/>
                <entry key="column_min" type="xdouble" value="NaN"/>
                <entry key="column_max" type="xdouble" value="NaN"/>
            </config>
            <config key="SAVI">
                <entry key="column_name" type="xstring" value="SAVI"/>
                <entry key="column_scale" type="xdouble" value="6.8131827741329705"/>
                <entry key="column_translate" type="xdouble" value="-3.2391449309553293"/>
                <entry key="column_min" type="xdouble" value="NaN"/>
                <entry key="column_max" type="xdouble" value="NaN"/>
            </config>
            <config key="EVI">
                <entry key="column_name" type="xstring" value="EVI"/>
                <entry key="column_scale" type="xdouble" value="5.987369738783716"/>
                <entry key="column_translate" type="xdouble" value="-2.9177793119200564"/>
                <entry key="column_min" type="xdouble" value="NaN"/>
                <entry key="column_max" type="xdouble" value="NaN"/>
            </config>
            <config key="GNDVI">
                <entry key="column_name" type="xstring" value="GNDVI"/>
                <entry key="column_scale" type="xdouble" value="6.391206415647932"/>
                <entry key="column_translate" type="xdouble" value="-4.438284157471831"/>
                <entry key="column_min" type="xdouble" value="NaN"/>
                <entry key="column_max" type="xdouble" value="NaN"/>
            </config>
            <config key="WDVI">
                <entry key="column_name" type="xstring" value="WDVI"/>
                <entry key="column_scale" type="xdouble" value="9.9269479035319"/>
                <entry key="column_translate" type="xdouble" value="-2.9995323266554763"/>
                <entry key="column_min" type="xdouble" value="NaN"/>
                <entry key="column_max" type="xdouble" value="NaN"/>
            </config>
            <config key="NDWI">
                <entry key="column_name" type="xstring" value="NDWI"/>
                <entry key="column_scale" type="xdouble" value="5.46071882789843"/>
                <entry key="column_translate" type="xdouble" value="-3.032035701453168"/>
                <entry key="column_min" type="xdouble" value="NaN"/>
                <entry key="column_max" type="xdouble" value="NaN"/>
            </config>
            <config key="NDI45">
                <entry key="column_name" type="xstring" value="NDI45"/>
                <entry key="column_scale" type="xdouble" value="7.2769881401890775"/>
                <entry key="column_translate" type="xdouble" value="-3.0078231751862488"/>
                <entry key="column_min" type="xdouble" value="NaN"/>
                <entry key="column_max" type="xdouble" value="NaN"/>
            </config>
            <config key="RENDVI">
                <entry key="column_name" type="xstring" value="RENDVI"/>
                <entry key="column_scale" type="xdouble" value="6.313118107902623"/>
                <entry key="column_translate" type="xdouble" value="-3.4795488340396723"/>
                <entry key="column_min" type="xdouble" value="NaN"/>
                <entry key="column_max" type="xdouble" value="NaN"/>
            </config>
            <config key="REEVI">
                <entry key="column_name" type="xstring" value="REEVI"/>
                <entry key="column_scale" type="xdouble" value="7.057553836891801"/>
                <entry key="column_translate" type="xdouble" value="-2.624551356073527"/>
                <entry key="column_min" type="xdouble" value="NaN"/>
                <entry key="column_max" type="xdouble" value="NaN"/>
            </config>
        </config>
        <entry key="summary" type="xstring" value="Z-Score (Gaussian) normalization on 19 column(s)"/>
    </config>
</config>
